{
  "train": [
    77.33583489681051,
    79.27454659161977,
    82.65165728580362,
    83.38961851156974,
    84.1400875547217,
    85.71607254534084,
    86.05378361475923,
    86.41651031894935,
    87.26704190118824,
    87.40462789243277,
    87.16697936210132,
    87.7673545966229,
    88.69293308317698,
    88.84302689180738,
    88.89305816135085,
    89.91869918699187,
    89.49343339587242,
    89.89368355222014,
    90.40650406504065,
    90.45653533458412,
    90.85678549093183,
    90.65666041275797,
    90.63164477798624,
    91.63227016885554,
    91.494684177611,
    91.36960600375235,
    91.98248905565978,
    91.682301438399,
    92.05753595997498,
    92.04502814258912,
    92.43277048155097,
    92.3452157598499,
    92.14509068167605,
    93.25828642901814,
    93.47091932457786,
    92.85803627267042,
    92.63289555972483,
    93.20825515947467,
    93.74609130706692,
    93.09568480300187,
    93.24577861163228,
    93.63352095059412,
    93.98373983739837,
    93.8961851156973,
    93.22076297686054,
    93.44590368980613,
    94.00875547217011,
    93.64602876797998,
    94.03377110694184,
    94.2714196372733,
    94.1588492808005,
    94.54659161976235,
    94.58411507191995,
    94.65916197623514,
    94.57160725453409,
    94.99687304565353,
    94.69668542839274,
    95.07191994996873,
    95.13445903689806,
    95.0093808630394
  ],
  "test": [
    77.86116322701689,
    82.30143839899938,
    69.3558474046279,
    80.55034396497811,
    76.36022514071294,
    63.03939962476548,
    76.86053783614759,
    86.55409631019387,
    70.9818636647905,
    68.1676047529706,
    82.86429018136336,
    68.91807379612257,
    40.58786741713571,
    89.36835522201376,
    84.61538461538461,
    82.67667292057536,
    88.2426516572858,
    89.49343339587242,
    89.18073796122576,
    91.11944965603502,
    79.73733583489681,
    78.11131957473421,
    83.11444652908068,
    89.61851156973108,
    62.038774233896184,
    87.05440900562851,
    83.92745465916198,
    89.68105065666042,
    91.494684177611,
    83.30206378986867,
    86.55409631019387,
    82.92682926829268,
    55.28455284552845,
    93.62101313320825,
    92.4953095684803,
    71.7948717948718,
    68.91807379612257,
    69.54346466541588,
    91.80737961225766,
    80.42526579111944,
    75.67229518449031,
    86.36647904940588,
    92.55784865540963,
    68.91807379612257,
    88.05503439649782,
    93.80863039399625,
    92.62038774233896,
    85.67854909318324,
    65.29080675422139,
    93.93370856785491,
    93.05816135084427,
    85.8036272670419,
    93.87116948092557,
    87.4296435272045,
    93.62101313320825,
    89.30581613508443,
    87.61726078799249,
    92.99562226391495,
    92.55784865540963,
    94.24640400250156
  ]
}