{
  "train": [
    75.94746716697937,
    79.46216385240776,
    81.40087554721701,
    82.77673545966229,
    82.82676672920576,
    83.01438398999375,
    83.43964978111319,
    83.78986866791745,
    83.61475922451532,
    84.45278298936836,
    85.14071294559099,
    85.6535334584115,
    85.17823639774859,
    85.54096310193871,
    85.0656660412758,
    85.66604127579737,
    85.7661038148843,
    85.86616635397124,
    86.37898686679175,
    86.74171357098186,
    86.8792995622264,
    86.82926829268293,
    87.47967479674797,
    87.84240150093808,
    87.64227642276423,
    88.01751094434022,
    88.78048780487805,
    88.59287054409006,
    88.36772983114446,
    89.04315196998124,
    89.0181363352095,
    89.20575359599749,
    89.95622263914947,
    90.18136335209506,
    89.2432770481551,
    90.44402751719825,
    90.34396497811132,
    90.54409005628519,
    90.38148843026892,
    90.95684803001876
  ],
  "test": [
    81.36335209505941,
    77.23577235772358,
    73.4208880550344,
    82.61413383364602,
    70.35647279549718,
    82.80175109443402,
    80.86303939962477,
    82.67667292057536,
    84.05253283302063,
    66.22889305816135,
    84.24015009380864,
    81.80112570356472,
    85.11569731081926,
    86.30393996247655,
    82.30143839899938,
    84.8030018761726,
    79.73733583489681,
    78.4865540963102,
    81.23827392120074,
    84.92808005003127,
    85.67854909318324,
    81.05065666041276,
    83.42714196372732,
    87.55472170106316,
    86.92933083176986,
    85.74108818011257,
    89.55597248280175,
    79.36210131332082,
    85.49093183239525,
    89.74358974358974,
    81.11319574734209,
    91.18198874296435,
    78.36147592245153,
    90.43151969981238,
    90.6816760475297,
    88.30519074421514,
    84.1776110068793,
    88.30519074421514,
    74.73420888055034,
    90.55659787367104
  ]
}